{"frames": [

{
	"filename": "ball1.png",
	"frame": {"x":0,"y":0,"w":17,"h":17},
	"rotated": false,
	"trimmed": false,
	"spriteSourceSize": {"x":0,"y":0,"w":17,"h":17},
	"sourceSize": {"w":17,"h":17}
},
{
	"filename": "ball2.png",
	"frame": {"x":17,"y":0,"w":17,"h":17},
	"rotated": false,
	"trimmed": false,
	"spriteSourceSize": {"x":0,"y":0,"w":17,"h":17},
	"sourceSize": {"w":17,"h":17}
},
{
	"filename": "ball3.png",
	"frame": {"x":34,"y":0,"w":17,"h":18},
	"rotated": false,
	"trimmed": false,
	"spriteSourceSize": {"x":0,"y":0,"w":17,"h":18},
	"sourceSize": {"w":17,"h":18}
},
{
	"filename": "ball4.png",
	"frame": {"x":51,"y":0,"w":17,"h":17},
	"rotated": false,
	"trimmed": false,
	"spriteSourceSize": {"x":0,"y":0,"w":17,"h":17},
	"sourceSize": {"w":17,"h":17}
},
{
	"filename": "ball5.png",
	"frame": {"x":68,"y":0,"w":17,"h":18},
	"rotated": false,
	"trimmed": false,
	"spriteSourceSize": {"x":0,"y":0,"w":17,"h":18},
	"sourceSize": {"w":17,"h":18}
},
{
	"filename": "brick.png",
	"frame": {"x":85,"y":0,"w":33,"h":17},
	"rotated": false,
	"trimmed": false,
	"spriteSourceSize": {"x":0,"y":0,"w":33,"h":17},
	"sourceSize": {"w":33,"h":17}
},
{
	"filename": "bumper.png",
	"frame": {"x":118,"y":0,"w":49,"h":17},
	"rotated": false,
	"trimmed": false,
	"spriteSourceSize": {"x":0,"y":0,"w":49,"h":17},
	"sourceSize": {"w":49,"h":17}
}],
"meta": {
	"app": "http://www.codeandweb.com/texturepacker",
	"version": "1.0",
	"image": "breakout.png",
	"format": "RGBA8888",
	"size": {"w":167,"h":18},
	"scale": "1",
	"smartupdate": "$TexturePacker:SmartUpdate:cbdba02d1a9980f770d7ec3406e2ffb2:c1848c284f829802c16d938a971bd7e9:aa94e37632703bccd6a813800bf3159a$"
}
}
